Workbook

Sheet All
A1: Process | B1: Category | C1: Value
A2: BAU | B2: Natural gas | C2: 163.97414
A3: BAU | B3: Carbon dioxide | C3: 0
A4: BAU | B4: Biogas | C4: 0
A5: BAU | B5: Oxygen | C5: 69.316462
A6: BAU | B6: Hydrogen | C6: 0
A7: BAU | B7: Ethylene | C7: 806.61124
A8: BAU | B8: Utilities + fixed costs | C8: 102.97539
A9: BAU | B9: CAPEX | C9: 107.39959
A10: NG + wind | B10: Natural gas | C10: 0
A11: NG + wind | B11: Carbon dioxide | C11: 76.452554
A12: NG + wind | B12: Biogas | C12: 0
A13: NG + wind | B13: Oxygen | C13: 0
... A137: Biogas + bioE - 2030 | B137: CAPEX | C137: 140.8096

Sheet Feedstock cummulative
A1: Process | B1: yCoordinate | C1: Category | D1: Value
A2: BAU | B2: -0.4 | C2: FeedStock | D2: =SUM(All!C2:C7) -> 1039.9018
A3: NG + wind | B3: =B2+1 -> 0.6 | C3: FeedStock | D3: =SUM(All!C10:C15) -> 1358.0189
A4: NG + wind - 2030 | B4: =B3+1 -> 1.6 | C4: FeedStock | D4: =SUM(All!C18:C23) -> 1159.7936
A5: DAC + wind | B5: =B4+1 -> 2.6 | C5: FeedStock | D5: =SUM(All!C26:C31) -> 1437.899
A6: DAC + wind - 2030 | B6: =B5+1 -> 3.6 | C6: FeedStock | D6: =SUM(All!C34:C39) -> 1155.3162
A7: NG + wind + gE | B7: =B6+1 -> 4.6 | C7: FeedStock | D7: =SUM(All!C42:C47) -> 1991.0015
A8: NG + wind + gE - 2030 | B8: =B7+1 -> 5.6 | C8: FeedStock | D8: =SUM(All!C50:C55) -> 1348.07
A9: DAC + wind + gE | B9: =B8+1 -> 6.6 | C9: FeedStock | D9: =SUM(All!C58:C63) -> 2259.4563
A10: DAC + wind + gE - 2030 | B10: =B9+1 -> 7.6 | C10: FeedStock | D10: =SUM(All!C66:C71) -> 1328.7169
A11: Biogas | B11: =B10+1 -> 8.6 | C11: FeedStock | D11: =SUM(All!C74:C79) -> 912.19491
A12: Biogas - 2030 | B12: =B11+1 -> 9.6 | C12: FeedStock | D12: =SUM(All!C82:C87) -> 852.72579
A13: Biogas + gE - NG | B13: =B12+1 -> 10.6 | C13: FeedStock | D13: =SUM(All!C90:C95) -> 1536.3009
A14: Biogas + gE - NG - 2030 | B14: =B13+1 -> 11.6 | C14: FeedStock | D14: =SUM(All!C98:C103) -> 1038.3619
A15: Biogas + gE - DAC | B15: =B14+1 -> 12.6 | C15: FeedStock | D15: =SUM(All!C106:C111) -> 1722.2312
A16: Biogas + gE - DAC - 2030 | B16: =B15+1 -> 13.6 | C16: FeedStock | D16: =SUM(All!C114:C119) -> 1023.6948
A17: Biogas + bioE | B17: =B16+1 -> 14.6 | C17: FeedStock | D17: =SUM(All!C122:C127) -> 1284.3004
A18: Biogas + bioE - 2030 | B18: =B17+1 -> 15.6 | C18: FeedStock | D18: =SUM(All!C130:C135) -> 1050.8027

Sheet OPEX cummulative
A1: Process | B1: yCoordinate | C1: Category | D1: Value
A2: BAU | B2: -0.4 | C2: OPEX | D2: =SUM(All!C8) -> 102.97539
A3: NG + wind | B3: =B2+1 -> 0.6 | C3: OPEX | D3: =SUM(All!C16) -> 203.24862
A4: NG + wind - 2030 | B4: =B3+1 -> 1.6 | C4: OPEX | D4: =SUM(All!C24) -> 203.24862
A5: DAC + wind | B5: =B4+1 -> 2.6 | C5: OPEX | D5: =SUM(All!C32) -> 203.24862
A6: DAC + wind - 2030 | B6: =B5+1 -> 3.6 | C6: OPEX | D6: =SUM(All!C40) -> 203.24862
A7: NG + wind + gE | B7: =B6+1 -> 4.6 | C7: OPEX | D7: =SUM(All!C48) -> 203.24862
A8: NG + wind + gE - 2030 | B8: =B7+1 -> 5.6 | C8: OPEX | D8: =SUM(All!C56) -> 203.24862
A9: DAC + wind + gE | B9: =B8+1 -> 6.6 | C9: OPEX | D9: =SUM(All!C64) -> 203.24862
A10: DAC + wind + gE - 2030 | B10: =B9+1 -> 7.6 | C10: OPEX | D10: =SUM(All!C72) -> 203.24862
A11: Biogas | B11: =B10+1 -> 8.6 | C11: OPEX | D11: =SUM(All!C80) -> 272.65404
A12: Biogas - 2030 | B12: =B11+1 -> 9.6 | C12: OPEX | D12: =SUM(All!C88) -> 272.65404
A13: Biogas + gE - NG | B13: =B12+1 -> 10.6 | C13: OPEX | D13: =SUM(All!C96) -> 272.65404
A14: Biogas + gE - NG - 2030 | B14: =B13+1 -> 11.6 | C14: OPEX | D14: =SUM(All!C104) -> 272.65404
A15: Biogas + gE - DAC | B15: =B14+1 -> 12.6 | C15: OPEX | D15: =SUM(All!C112) -> 272.65404
A16: Biogas + gE - DAC - 2030 | B16: =B15+1 -> 13.6 | C16: OPEX | D16: =SUM(All!C120) -> 272.65404
A17: Biogas + bioE | B17: =B16+1 -> 14.6 | C17: OPEX | D17: =SUM(All!C128) -> 272.65404
A18: Biogas + bioE - 2030 | B18: =B17+1 -> 15.6 | C18: OPEX | D18: =SUM(All!C136) -> 272.65404

Sheet CAPEX cummulative
A1: Process | B1: yCoordinate | C1: Category | D1: Value
A2: BAU | B2: -0.4 | C2: CAPEX | D2: =SUM(All!C9) -> 107.39959
A3: NG + wind | B3: =B2+1 -> 0.6 | C3: CAPEX | D3: =SUM(All!C17) -> 196.78069
A4: NG + wind - 2030 | B4: =B3+1 -> 1.6 | C4: CAPEX | D4: =SUM(All!C25) -> 196.78069
A5: DAC + wind | B5: =B4+1 -> 2.6 | C5: CAPEX | D5: =SUM(All!C33) -> 196.78069
A6: DAC + wind - 2030 | B6: =B5+1 -> 3.6 | C6: CAPEX | D6: =SUM(All!C41) -> 196.78069
A7: NG + wind + gE | B7: =B6+1 -> 4.6 | C7: CAPEX | D7: =SUM(All!C49) -> 196.78069
A8: NG + wind + gE - 2030 | B8: =B7+1 -> 5.6 | C8: CAPEX | D8: =SUM(All!C57) -> 196.78069
A9: DAC + wind + gE | B9: =B8+1 -> 6.6 | C9: CAPEX | D9: =SUM(All!C65) -> 196.78069
A10: DAC + wind + gE - 2030 | B10: =B9+1 -> 7.6 | C10: CAPEX | D10: =SUM(All!C73) -> 196.78069
A11: Biogas | B11: =B10+1 -> 8.6 | C11: CAPEX | D11: =SUM(All!C81) -> 140.8096
A12: Biogas - 2030 | B12: =B11+1 -> 9.6 | C12: CAPEX | D12: =SUM(All!C89) -> 140.8096
A13: Biogas + gE - NG | B13: =B12+1 -> 10.6 | C13: CAPEX | D13: =SUM(All!C97) -> 140.8096
A14: Biogas + gE - NG - 2030 | B14: =B13+1 -> 11.6 | C14: CAPEX | D14: =SUM(All!C105) -> 140.8096
A15: Biogas + gE - DAC | B15: =B14+1 -> 12.6 | C15: CAPEX | D15: =SUM(All!C113) -> 140.8096
A16: Biogas + gE - DAC - 2030 | B16: =B15+1 -> 13.6 | C16: CAPEX | D16: =SUM(All!C121) -> 140.8096
A17: Biogas + bioE | B17: =B16+1 -> 14.6 | C17: CAPEX | D17: =SUM(All!C129) -> 140.8096
A18: Biogas + bioE - 2030 | B18: =B17+1 -> 15.6 | C18: CAPEX | D18: =SUM(All!C137) -> 140.8096

Sheet Total and error bars
A1: Process | B1: yCoordinate | C1: Total | D1: Low | E1: High
A2: BAU | B2: 0 | C2: =SUM(All!C2:C9) -> 1250.2768 | D2: 100.58135 | E2: 64.192944 | G2: =C2-D2 -> 1149.6955
A3: NG + wind | B3: =B2+1 -> 1 | C3: =SUM(All!C10:C17) -> 1758.0482 | D3: 47.585302 | E3: 1032.9674 | G3: =C3-D3 -> 1710.4629
A4: NG + wind - 2030 | B4: =B3+1 -> 2 | C4: =SUM(All!C18:C25) -> 1559.8229 | D4: 47.585302 | E4: 1032.9674 | G4: =C4-D4 -> 1512.2376
A5: DAC + wind | B5: =B4+1 -> 3 | C5: =SUM(All!C26:C33) -> 1837.9283 | D5: 89.286695 | E5: 1055.2462 | G5: =C5-D5 -> 1748.6416
A6: DAC + wind - 2030 | B6: =B5+1 -> 4 | C6: =SUM(All!C34:C41) -> 1555.3455 | D6: 89.286695 | E6: 1055.2462 | G6: =C6-D6 -> 1466.0588
A7: NG + wind + gE | B7: =B6+1 -> 5 | C7: =SUM(All!C42:C49) -> 2391.0308 | D7: 299.01829 | E7: 1787.2664 | G7: =C7-D7 -> 2092.0125
A8: NG + wind + gE - 2030 | B8: =B7+1 -> 6 | C8: =SUM(All!C50:C57) -> 1748.0993 | D8: 299.01829 | E8: 1787.2664 | G8: =C8-D8 -> 1449.081
A9: DAC + wind + gE | B9: =B8+1 -> 7 | C9: =SUM(All!C58:C65) -> 2659.4856 | D9: 529.29443 | E9: 1620.9704 | G9: =C9-D9 -> 2130.1912
A10: DAC + wind + gE - 2030 | B10: =B9+1 -> 8 | C10: =SUM(All!C66:C73) -> 1728.7462 | D10: 529.29443 | E10: 1620.9704 | G10: =C10-D10 -> 1199.4518
A11: Biogas | B11: =B10+1 -> 9 | C11: =SUM(All!C74:C81) -> 1325.6585 | D11: 28.025336 | E11: 122.70296 | G11: =C11-D11 -> 1297.6332
A12: Biogas - 2030 | B12: =B11+1 -> 10 | C12: =SUM(All!C82:C89) -> 1266.1894 | D12: 28.025336 | E12: 122.70296 | G12: =C12-D12 -> 1238.1641
A13: Biogas + gE - NG | B13: =B12+1 -> 11 | C13: =SUM(All!C90:C97) -> 1949.7645 | D13: 275.93238 | E13: 866.42409 | G13: =C13-D13 -> 1673.8321
A14: Biogas + gE - NG - 2030 | B14: =B13+1 -> 12 | C14: =SUM(All!C98:C105) -> 1451.8256 | D14: 275.93238 | E14: 866.42409 | G14: =C14-D14 -> 1175.8932
A15: Biogas + gE - DAC | B15: =B14+1 -> 13 | C15: =SUM(All!C106:C113) -> 2135.6948 | D15: 461.86266 | E15: 680.49381 | G15: =C15-D15 -> 1673.8321
A16: Biogas + gE - DAC - 2030 | B16: =B15+1 -> 14 | C16: =SUM(All!C114:C121) -> 1437.1584 | D16: 461.86266 | E16: 680.49381 | G16: =C16-D16 -> 975.29574
A17: Biogas + bioE | B17: =B16+1 -> 15 | C17: =SUM(All!C122:C129) -> 1697.764 | D17: 129.09819 | E17: 456.07746 | G17: =C17-D17 -> 1568.6658
A18: Biogas + bioE - 2030 | B18: =B17+1 -> 16 | C18: =SUM(All!C130:C137) -> 1464.2663 | D18: 129.09819 | E18: 456.07746 | G18: =C18-D18 -> 1335.1681
