Workbook

Sheet All
A1: Process | B1: Category | C1: Value
A2: BAU | B2: Natural gas | C2: 163.97414
A3: BAU | B3: Carbon dioxide | C3: 0
A4: BAU | B4: Biogas | C4: 0
A5: BAU | B5: Oxygen | C5: 69.316462
A6: BAU | B6: Hydrogen | C6: 0
A7: BAU | B7: Ethylene | C7: 806.61124
A8: BAU | B8: Utilities + fixed costs | C8: 102.97539
A9: BAU | B9: CAPEX | C9: 107.39959
A10: NG + wind | B10: Natural gas | C10: 0
A11: NG + wind | B11: Carbon dioxide | C11: 76.452554
A12: NG + wind | B12: Biogas | C12: 0
A13: NG + wind | B13: Oxygen | C13: 0
... A73: Biogas + bioE | B73: CAPEX | C73: 140.8096

Sheet Feedstock cummulative
A1: Process | B1: yCoordinate | C1: Category | D1: Value
A2: BAU | B2: -0.35 | C2: FeedStock | D2: =SUM(All!C2:C7) -> 1039.9018 | E2: =D2/'CAPEX cummulative'!D2*100 -> 83.173728
A3: NG + wind | B3: =B2+1 -> 0.65 | C3: FeedStock | D3: =SUM(All!C10:C15) -> 1358.0189 | E3: =D3/'CAPEX cummulative'!D3*100 -> 77.245829
A4: DAC + wind | B4: =B3+1 -> 1.65 | C4: FeedStock | D4: =SUM(All!C18:C23) -> 1437.899 | E4: =D4/'CAPEX cummulative'!D4*100 -> 78.234771
A5: NG + wind + gE | B5: =B4+1 -> 2.65 | C5: FeedStock | D5: =SUM(All!C26:C31) -> 1991.0015 | E5: =D5/'CAPEX cummulative'!D5*100 -> 83.269588
A6: DAC + wind + gE | B6: =B5+1 -> 3.65 | C6: FeedStock | D6: =SUM(All!C34:C39) -> 2259.4563 | E6: =D6/'CAPEX cummulative'!D6*100 -> 84.958395
A7: Biogas | B7: =B6+1 -> 4.65 | C7: FeedStock | D7: =SUM(All!C42:C47) -> 912.19491 | E7: =D7/'CAPEX cummulative'!D7*100 -> 68.810698
A8: Biogas + gE - NG | B8: =B7+1 -> 5.65 | C8: FeedStock | D8: =SUM(All!C50:C55) -> 1536.3009 | E8: =D8/'CAPEX cummulative'!D8*100 -> 78.794176
A9: Biogas + gE - DAC | B9: =B8+1 -> 6.65 | C9: FeedStock | D9: =SUM(All!C58:C63) -> 1722.2312 | E9: =D9/'CAPEX cummulative'!D9*100 -> 80.640322
A10: Biogas + bE | B10: =B9+1 -> 7.65 | C10: FeedStock | D10: =SUM(All!C66:C71) -> 1284.3004 | E10: =D10/'CAPEX cummulative'!D10*100 -> 75.646578

Sheet OPEX cummulative
A1: Process | B1: yCoordinate | C1: Category | D1: Value
A2: BAU | B2: -0.35 | C2: OPEX | D2: =SUM(All!C8) + 'Feedstock cummulative'!D2 -> 1142.8772
A3: NG + wind | B3: =B2+1 -> 0.65 | C3: OPEX | D3: =SUM(All!C16) + 'Feedstock cummulative'!D3 -> 1561.2675
A4: DAC + wind | B4: =B3+1 -> 1.65 | C4: OPEX | D4: =SUM(All!C24) + 'Feedstock cummulative'!D4 -> 1641.1476
A5: NG + wind + gE | B5: =B4+1 -> 2.65 | C5: OPEX | D5: =SUM(All!C32) + 'Feedstock cummulative'!D5 -> 2194.2501
A6: DAC + wind + gE | B6: =B5+1 -> 3.65 | C6: OPEX | D6: =SUM(All!C40) + 'Feedstock cummulative'!D6 -> 2462.7049
A7: Biogas | B7: =B6+1 -> 4.65 | C7: OPEX | D7: =SUM(All!C48) + 'Feedstock cummulative'!D7 -> 1184.8489
A8: Biogas + gE - NG | B8: =B7+1 -> 5.65 | C8: OPEX | D8: =SUM(All!C56) + 'Feedstock cummulative'!D8 -> 1808.9549
A9: Biogas + gE - DAC | B9: =B8+1 -> 6.65 | C9: OPEX | D9: =SUM(All!C64+'Feedstock cummulative'!D9) -> 1994.8852
A10: Biogas + bE | B10: =B9+1 -> 7.65 | C10: OPEX | D10: =SUM(All!C72) + 'Feedstock cummulative'!D10 -> 1556.9544

Sheet CAPEX cummulative
A1: Process | B1: yCoordinate | C1: Category | D1: Value
A2: BAU | B2: -0.35 | C2: CAPEX | D2: ='OPEX cummulative'!D2+All!C9 -> 1250.2768
A3: NG + wind | B3: =B2+1 -> 0.65 | C3: CAPEX | D3: ='OPEX cummulative'!D3+All!C17 -> 1758.0482
A4: DAC + wind | B4: =B3+1 -> 1.65 | C4: CAPEX | D4: ='OPEX cummulative'!D4+All!C25 -> 1837.9283
A5: NG + wind + gE | B5: =B4+1 -> 2.65 | C5: CAPEX | D5: ='OPEX cummulative'!D5+All!C33 -> 2391.0308
A6: DAC + wind + gE | B6: =B5+1 -> 3.65 | C6: CAPEX | D6: ='OPEX cummulative'!D6+All!C41 -> 2659.4856
A7: Biogas | B7: =B6+1 -> 4.65 | C7: CAPEX | D7: ='OPEX cummulative'!D7+All!C49 -> 1325.6585
A8: Biogas + gE - NG | B8: =B7+1 -> 5.65 | C8: CAPEX | D8: ='OPEX cummulative'!D8+All!C57 -> 1949.7645
A9: Biogas + gE - DAC | B9: =B8+1 -> 6.65 | C9: CAPEX | D9: =SUM(All!C65+'OPEX cummulative'!D9) -> 2135.6948
A10: Biogas + bE | B10: =B9+1 -> 7.65 | C10: CAPEX | D10: ='OPEX cummulative'!D10+All!C73 -> 1697.764

Sheet Total and error bars
A1: Process | B1: yCoordinate | C1: Total | D1: Low | E1: High
A2: BAU | B2: 0 | C2: =SUM(All!C2:C10) -> 1250.2768 | D2: 100.58135 | E2: 64.192944 | G2: =C2-D2 -> 1149.6955
A3: NG + wind | B3: =B2+1 -> 1 | C3: =SUM(All!C11:C18) -> 1758.0482 | D3: 47.585302 | E3: 1032.9674 | G3: =C3-D3 -> 1710.4629
A4: DAC + wind | B4: =B3+1 -> 2 | C4: =SUM(All!C19:C26) -> 1837.9283 | D4: 89.286695 | E4: 1055.2462 | G4: =C4-D4 -> 1748.6416
A5: NG + wind + gE | B5: =B4+1 -> 3 | C5: =SUM(All!C27:C34) -> 2391.0308 | D5: 299.01829 | E5: 1787.2664 | G5: =C5-D5 -> 2092.0125
A6: DAC + wind + gE | B6: =B5+1 -> 4 | C6: =SUM(All!C35:C42) -> 2659.4856 | D6: 529.29443 | E6: 1620.9704 | G6: =C6-D6 -> 2130.1912
A7: Biogas | B7: =B6+1 -> 5 | C7: =SUM(All!C43:C50) -> 1325.6585 | D7: 28.025336 | E7: 122.70296 | G7: =C7-D7 -> 1297.6332
A8: Biogas + gE - NG | B8: =B7+1 -> 6 | C8: =SUM(All!C50:C57) -> 1949.7645 | D8: 275.93238 | E8: 866.42409 | G8: =C8-D8 -> 1673.8321
A9: Biogas + gE - DAC | B9: =B8+1 -> 7 | C9: =SUM(All!C58:C65) -> 2135.6948 | D9: 461.86266 | E9: 680.49381 | G9: =C9-D9 -> 1673.8321
A10: Biogas + bE | B10: =B9+1 -> 8 | C10: =SUM(All!C67:C73) -> 1697.764 | D10: 129.09819 | E10: 456.07746 | G10: =C10-D10 -> 1568.6658

Sheet BAU CAPEX
A1: Process | B1: Category | C1: CAPEX | D1: Labels
A2: BAU | B2: Compressors | C2: 32.095145 | D2: =C2/SUM($C$2:$C$7)*100 -> 65.852699
A3: BAU | B3: Pumps | C3: 0.043198587 | D3: =C3/SUM($C$2:$C$7)*100 -> 0.088634701
A4: BAU | B4: HEXs | C4: 6.821603 | D4: =C4/SUM($C$2:$C$7)*100 -> 13.99654
A5: BAU | B5: Reactors | C5: 8.4636569 | D5: =C5/SUM($C$2:$C$7)*100 -> 17.3657
A6: BAU | B6: Separators | C6: 1.0214057 | D6: =C6/SUM($C$2:$C$7)*100 -> 2.0957164
A7: BAU | B7: Columns | C7: 0.2927728 | D7: =C7/SUM($C$2:$C$7)*100 -> 0.60071015

Sheet Green CAPEX
A1: Process | B1: Category | C1: CAPEX | D1: Labels
A2: Green route | B2: Compressors | C2: 51.971153 | D2: =C2/SUM($C$2:$C$7)*100 -> 56.37607
A3: Green route | B3: Pumps | C3: 0.042827996 | D3: =C3/SUM($C$2:$C$7)*100 -> 0.046457967
A4: Green route | B4: HEXs | C4: 28.83069 | D4: =C4/SUM($C$2:$C$7)*100 -> 31.274292
A5: Green route | B5: Reactors | C5: 6.2928301 | D5: =C5/SUM($C$2:$C$7)*100 -> 6.8261913
A6: Green route | B6: Separators | C6: 4.7133081 | D6: =C6/SUM($C$2:$C$7)*100 -> 5.1127938
A7: Green route | B7: Columns | C7: 0.33573877 | D7: =C7/SUM($C$2:$C$7)*100 -> 0.36419497

Sheet Biogas CAPEX
A1: Process | B1: Category | C1: CAPEX | D1: Labels
A2: Biogas route | B2: Compressors | C2: 34.188529 | D2: =C2/SUM($C$2:$C$7)*100 -> 53.503846
A3: Biogas route | B3: Pumps | C3: 0.056670892 | D3: =C3/SUM($C$2:$C$7)*100 -> 0.088687955
A4: Biogas route | B4: HEXs | C4: 20.052028 | D4: =C4/SUM($C$2:$C$7)*100 -> 31.38072
A5: Biogas route | B5: Reactors | C5: 5.9200536 | D5: =C5/SUM($C$2:$C$7)*100 -> 9.2646758
A6: Biogas route | B6: Separators | C6: 2.8846894 | D6: =C6/SUM($C$2:$C$7)*100 -> 4.5144376
A7: Biogas route | B7: Columns | C7: 0.79722759 | D7: =C7/SUM($C$2:$C$7)*100 -> 1.2476332

Sheet BAU sensitivity
A1: NG | B1: Ethylene | C1: Propanol
A2: 0 | B2: 706.88756 | C2: 613.05832
A3: 1 | B3: 708.73756 | C3: 614.23307
A4: 2 | B4: 710.58756 | C4: 615.40782
A5: 3 | B5: 712.43756 | C5: 616.58258
A6: 4 | B6: 714.28756 | C6: 617.75733
A7: 5 | B7: 716.13756 | C7: 618.93208
A8: 6 | B8: 717.98756 | C8: 620.10684
A9: 7 | B9: 719.83756 | C9: 621.28159
A10: 8 | B10: 721.68756 | C10: 622.45634
A11: 9 | B11: 723.53756 | C11: 623.6311
A12: 10 | B12: 725.38756 | C12: 624.80585
A13: 11 | B13: 727.23756 | C13: 625.9806
... A2002: 2000 | B2002: 4406.8876 | C2002: 2962.5653

Sheet Green sensitivity
A1: CO2 | B1: Hydrogen | C1: Propanol
A2: -500 | B2: 0 | C2: 852.91051
A3: -500 | B3: 50 | C3: 857.88814
A4: -500 | B4: 100 | C4: 862.86576
A5: -500 | B5: 150 | C5: 867.84339
A6: -500 | B6: 200 | C6: 872.82102
A7: -500 | B7: 250 | C7: 877.79865
A8: -500 | B8: 300 | C8: 882.77628
A9: -500 | B9: 350 | C9: 887.75391
A10: -500 | B10: 400 | C10: 892.73154
A11: -500 | B11: 450 | C11: 897.70917
A12: -500 | B12: 500 | C12: 902.6868
A13: -500 | B13: 550 | C13: 907.66442
... A3667: 750 | B3667: 7000 | C3667: 2449.4684

Sheet Green ethylene sensitivity
A1: CO2 | B1: Hydrogen | C1: Ethylene | D1: Propanol
A2: -500 | B2: 0 | C2: -1385.3942 | D2: -618.17414 | F2: =MIN(D2:D3667) -> -618.17414
A3: -500 | B3: 50 | C3: -1361.8942 | D3: -602.02951 | F3: =MAX(D2:D3667) -> 4711.6066
A4: -500 | B4: 100 | C4: -1338.3942 | D4: -585.88489
A5: -500 | B5: 150 | C5: -1314.8942 | D5: -569.74026
A6: -500 | B6: 200 | C6: -1291.3942 | D6: -553.59563
A7: -500 | B7: 250 | C7: -1267.8942 | D7: -537.451
A8: -500 | B8: 300 | C8: -1244.3942 | D8: -521.30637
A9: -500 | B9: 350 | C9: -1220.8942 | D9: -505.16175
A10: -500 | B10: 400 | C10: -1197.3942 | D10: -489.01712
A11: -500 | B11: 450 | C11: -1173.8942 | D11: -472.87249
A12: -500 | B12: 500 | C12: -1150.3942 | D12: -456.72786
A13: -500 | B13: 550 | C13: -1126.8942 | D13: -440.58323
A14: -500 | B14: 600 | C14: -1103.3942 | D14: -424.4386
A15: -500 | B15: 650 | C15: -1079.8942 | D15: -408.29398
... A3667: 750 | B3667: 7000 | C3667: 6470.8558 | D3667: 4711.6066

Sheet Elec sensitivity
A1: Electricity | B1: NG,BAU | C1: NG,gE | D1: DAC,BAU | E1: DAC,gE | F1: BAU
A2: 0 | B2: 1243.6093 | C2: 820.65816 | D2: 1308.3466 | E2: 1037.7793 | F2: 1233.0496
A3: 1 | B3: 1250.3935 | C3: 841.59584 | D3: 1315.3338 | E3: 1059.4051 | F3: 1233.2367
A4: 2 | B4: 1257.1776 | C4: 862.53352 | D4: 1322.3209 | E4: 1081.0308 | F4: 1233.4239
A5: 3 | B5: 1263.9618 | C5: 883.47119 | D5: 1329.3081 | E5: 1102.6566 | F5: 1233.611
A6: 4 | B6: 1270.746 | C6: 904.40887 | D6: 1336.2952 | E6: 1124.2823 | F6: 1233.7981
A7: 5 | B7: 1277.5302 | C7: 925.34655 | D7: 1343.2823 | E7: 1145.9081 | F7: 1233.9852
A8: 6 | B8: 1284.3144 | C8: 946.28423 | D8: 1350.2695 | E8: 1167.5338 | F8: 1234.1723
A9: 7 | B9: 1291.0985 | C9: 967.22191 | D9: 1357.2566 | E9: 1189.1596 | F9: 1234.3594
A10: 8 | B10: 1297.8827 | C10: 988.15959 | D10: 1364.2438 | E10: 1210.7853 | F10: 1234.5465
A11: 9 | B11: 1304.6669 | C11: 1009.0973 | D11: 1371.2309 | E11: 1232.411 | F11: 1234.7337
A12: 10 | B12: 1311.4511 | C12: 1030.0349 | D12: 1378.2181 | E12: 1254.0368 | F12: 1234.9208
A13: 11 | B13: 1318.2352 | C13: 1050.9726 | D13: 1385.2052 | E13: 1275.6625 | F13: 1235.1079
... A252: 250 | B252: 2939.6537 | C252: 6055.078 | D252: 3055.1336 | E252: 6444.2153 | F252: 1279.8287

Sheet Carbon dioxide avoidance
A1: Process | B1: $/kg | C1: kg CO2eq/kg propanol | D1: Avoidance costs
A2: NG + wind | B2: =SUM('Total and error bars'!C3)/1000 -> 1.7580482 | C2: 1.1309037 | D2: =(B2-$G$3)/($G$4-C2)*1000 -> 101.63832 | F2: BAU Data
A3: DAC + wind | B3: =SUM('Total and error bars'!C4)/1000 -> 1.8379283 | C3: 0.54300743 | D3: =(B3-$G$3)/($G$4-C3)*1000 -> 105.24293 | F3: Production cost | G3: =SUM('Total and error bars'!C2)/1000 -> 1.2502768 | H3: $/kg
A4: NG + wind + gE | B4: =SUM('Total and error bars'!C5)/1000 -> 2.3910308 | C4: 1.3907358 | D4: =(B4-$G$3)/($G$4-C4)*1000 -> 240.86695 | F4: GWP | G4: 6.1267694 | H4: kg CO2eq/kg propanol
A5: DAC + wind + gE | B5: =SUM('Total and error bars'!C6)/1000 -> 2.6594856 | C5: -0.60249649 | D5: =(B5-$G$3)/($G$4-C5)*1000 -> 209.41493
A6: Biogas | B6: =SUM('Total and error bars'!C7)/1000 -> 1.3256585 | C6: 1.1881262 | D6: =(B6-$G$3)/($G$4-C6)*1000 -> 15.263651
A7: Biogas + gE - NG | B7: =SUM('Total and error bars'!C8)/1000 -> 1.9497645 | C7: 1.4475238 | D7: =(B7-$G$3)/($G$4-C7)*1000 -> 149.48728
A8: Biogas + gE - DAC | B8: =SUM('Total and error bars'!C9)/1000 -> 2.1356948 | C8: 0.049285328 | D8: =(B8-$G$3)/($G$4-C8)*1000 -> 145.68824
A9: Biogas + bE | B9: =SUM('Total and error bars'!C10)/1000 -> 1.697764 | C9: -2.1029756 | D9: =(B9-$G$3)/($G$4-C9)*1000 -> 54.374369

Sheet Biogas needed
A2: Ethylene required | B2: 26577.148 | C2: kg/hr for propanol production
A3: Methanol required | B3: =4.58*0.55 -> 2.519 | C3: kg methanol/kg ethylene
A4: Biogas required | B4: 105460.32 | C4: kg/hr for methanol production
A5: Methanol produced | B5: 76989.801 | C5: kg/hr of methanol
B6: =B4/B5 -> 1.369796 | C6: kg biogas/kg methanol
B7: =B6*B3 -> 3.4505161 | C7: kg biogas/kg ethylene
B8: =B7*B2 -> 91704.876 | C8: kg biogas/hr for propanol
A11: Case | B11: Biogas for propanol (kg/hr) | C11: Biogas for ethylene (kg/hr) | D11: Propanol produced (kg/hr) | E11: kg biogas/kg propanol | F11: m3 biogas/kg propanol | G11: m3 biogas/hr
A12: Biogas | B12: 31276.759 | C12: 0 | D12: 56209.311 | E12: =(B12+C12)/D12 -> 0.55643377 | F12: =E12/$B$17 -> 0.45275327 | G12: =F12*D12 -> 25448.949
A13: Biogas + gE - NG | B13: 31276.759 | C13: 0 | D13: 56209.311 | E13: =(B13+C13)/D13 -> 0.55643377 | F13: =E13/$B$17 -> 0.45275327 | G13: =F13*D13 -> 25448.949
A14: Biogas + gE - DAC | B14: 31276.759 | C14: 0 | D14: 56209.311 | E14: =(B14+C14)/D14 -> 0.55643377 | F14: =E14/$B$17 -> 0.45275327 | G14: =F14*D14 -> 25448.949
A15: Biogas + bioE | B15: 31276.759 | C15: =B8 -> 91704.876 | D15: 56209.311 | E15: =(B15+C15)/D15 -> 2.1879228 | F15: =E15/$B$17 -> 1.7802464 | G15: =F15*D15 -> 100066.42
A17: Density of biogas | B17: 1.229 | C17: kg/m3
