Workbook

Sheet Material balance
A2: Hours of operation | B2: 8000
A4: Step 1: Reverse water gas shift | E4: Conversion (% CO2) | F4: 65.6
B5: M. Wt. | C5: Input [Mt/a] | D5: Input [kg/hr] | E5: Input [kmol/hr] | F5: Output [kmol/hr]
A6: Carbon dioxide | B6: 44 | C6: 0.704 | D6: =C6*10^9/B2 -> 88000 | E6: =D6/B6 -> 2000 | F6: =(E6+E8)*(100-F4)/100 -> 949.22672
A7: Hydrogen | B7: 2 | C7: - | D7: - | E7: =F9 -> 1810.1533 | F7: 0
A8: Carbon dioxide recycle | B8: 44 | C8: - | D8: - | E8: 759.38 | F8: -
A9: Carbon monoxide | B9: 28 | C9: 0 | D9: 0 | E9: 0 | F9: =(E6+E8)*F4/100 -> 1810.1533
A10: Water | B10: 18 | C10: 0 | D10: 0 | E10: 0 | F10: =F9 -> 1810.1533
A13: Step 2: Membrane Separation | D13: % CO2 recycle | E13: 80
B14: M. Wt. | C14: Input [kmol/hr] | D14: Output [kmol/hr] | E14: Recycle [kmol/hr]
A15: Carbon dioxide | B15: 44 | C15: =F6 -> 949.22672 | D15: =C15*(100-E13)/100 -> 189.84534 | E15: =C15*E13/100 -> 759.38138
A16: Carbon monoxide | B16: 28 | C16: =F9 -> 1810.1533 | D16: =F9 -> 1810.1533 | E16: 0
A19: Step 3: Hydroformylation | D19: Conversion (% ethylene) | E19: 90
A20: Ethylene input: 0.450 Mt/a | D20: Selectivity (for propanal) | E20: 90
D21: Conversion (% CO) | E21: 90
B22: M. Wt. | C22: Input [kmol/hr] | D22: Output [kmol/hr] | E22: Recycle [kmol/hr]
A23: Carbon dioxide | B23: 44 | C23: =D15 -> 189.84534 | D23: =C23 -> 189.84534 | E23: 0
A24: Hydrogen | B24: 2 | C24: =D28+D27 -> 1923.6111 | D24: 0 | E24: 0
A25: Carbon monoxide | B25: 28 | C25: =D16+E25 -> 1923.6111 | D25: =(C25*(100-E21)/100)-E25 -> 78.90328 | E25: =(D28*100/90)-D16 -> 113.45783
A26: Ethylene | B26: 28 | C26: =(0.45*10^9/B2/B26)+E26 -> 2137.3457 | D26: =(C26*(100-E19)/100)-E26 -> 85.31746 | E26: =(D28*100/E19*100/E20)-(0.45*10^9/B2/B26) -> 128.41711
A27: Ethane | B27: 30 | C27: 0 | D27: =C26*E19/100*(100-E20)/100 -> 192.36111
A28: Propanal | B28: 58 | C28: 0 | D28: =C33 -> 1731.25 | E28: 0
A31: Step 4: Hydrogenation | C31: Conversion (% propanal) | D31: 100
B32: M. Wt. | C32: Input [kmol/hr] | D32: Output [kmol/hr]
A33: Propanal | B33: 58 | C33: =D35 -> 1731.25 | D33: 0
A34: Hydrogen | B34: 2 | C34: =D35 -> 1731.25 | D34: 0
A35: Propanol | B35: 60 | C35: 0 | D35: =0.831*10^9/B2/B35 -> 1731.25
A37: Total hydrogen input | B37: =(E7+C24+C34)*B24*B2/10^9 -> 0.08744023 | C37: Mt/a
A38: From literature | B38: 0.089 | C38: Mt/a

Sheet Material balance summary
A1: Propanol (99.7 wt%)
B3: M.Wt. | C3: kmol/hr | D3: kg/hr | E3: kg/kg propanol | F3: Type
A4: Carbon dioxide | B4: 44 | C4: ='Material balance'!E6 -> 2000 | D4: =C4*B4 -> 88000 | E4: =D4/$D$12 -> 0.84717208 | F4: Feed
A5: Hydrogen | B5: 2 | C5: ='Material balance'!B38*10^9/'Material balance'!B2/'Material balance summary'!B5 -> 5562.5 | D5: =C5*B5 -> 11125 | E5: =D5/$D$12 -> 0.10709988 | F5: Feed
A6: Ethylene | B6: 28 | C6: =0.45*10^9/'Material balance'!B2/'Material balance summary'!B6 -> 2008.9286 | D6: =C6*B6 -> 56250 | E6: =D6/$D$12 -> 0.54151625 | F6: Feed
A7: Waster water | B7: 18 | C7: ='Material balance'!F10 -> 1810.1533 | D7: =C7*B7 -> 32582.759 | E7: =D7/$D$12 -> 0.31367277 | F7: Emissions
A8: Carbon dioxide | B8: 44 | C8: ='Material balance'!D23 -> 189.84534 | D8: =C8*B8 -> 8353.1951 | E8: =D8/$D$12 -> 0.080415838 | F8: Emissions
A9: Carbon monoxide | B9: 28 | C9: ='Material balance'!D25 -> 78.90328 | D9: =C9*B9 -> 2209.2918 | E9: =D9/$D$12 -> 0.021268754 | F9: Emissions
A10: Ethylene | B10: 28 | C10: ='Material balance'!D26 -> 85.31746 | D10: =C10*B10 -> 2388.8889 | E10: =D10/$D$12 -> 0.022997727 | F10: Emissions
A11: Ethane | B11: 30 | C11: ='Material balance'!D27 -> 192.36111 | D11: =C11*B11 -> 5770.8333 | E11: =D11/$D$12 -> 0.055555556 | F11: Emissions
A12: Propanol | B12: 60 | C12: ='Material balance'!D35 -> 1731.25 | D12: =C12*B12 -> 103875 | E12: =D12/$D$12 -> 1 | F12: Product
A14: Utilities
B15: TJ/a | C15: J/hr | D15: kWh/hr | E15: kWh/kg propanol
A16: Electricity | B16: 353 | C16: =B16*10^12/8000 -> 44125000000 | D16: =C16/1000/3600 -> 12256.944 | E16: =D16/$D$12 -> 0.11799706
B18: TJ/a | C18: J/hr | D18: Cp (J/kg °C) | E18: kg/hr | F18: kg/kg propanol
A19: Cooling water | B19: 5153 | C19: =B19*10^12/8000 -> 644125000000 | D19: 4182 | E19: =C19/(D19*5) -> 30804639 | F19: =E19/$D$12 -> 296.55489
