Workbook

Sheet material_streams
A1: Final product: Propanol
A3: Stream name | B3: Component | C3: Type | D3: Mass flow (kg/hr) | E3: Mass/kg propanol
A4: Carbon dioxide | B4: Carbon dioxide | C4: Feed | D4: 9331.5581 | E4: =D4/$D$15 -> 0.74688842
A5: Hydrogen | B5: Hydrogen | C5: Feed | D5: =843.367821797318+422.326860000001 -> 1265.6947 | E5: =D5/$D$15 -> 0.10130492
A6: Ethylene | B6: Ethylene | C6: Feed | D6: 5868.313 | E6: =D6/$D$15 -> 0.4696938
A7: Fresh MEA | B7: MEA | C7: Feed | D7: 148.79163 | E7: =D7/$D$15 -> 0.011909131
A8: Fresh water | B8: Water | C8: Feed | D8: 539.17127 | E8: =D8/$D$15 -> 0.04315472
A9: Wastewater | B9: Wastewater | C9: Emissions | D9: 4435.2151 | E9: =D9/$D$15 -> 0.35499011
A10: Carbon monoxide | B10: Carbon monoxide | C10: Emissions | D10: 39.774506 | E10: =D10/$D$15 -> 0.0031835111
A11: Hydrogen | B11: Hydrogen | C11: Emissions | D11: 6.135481 | E11: =D11/$D$15 -> 0.00049107767
A12: Carbon dioxide | B12: Carbon dioxide | C12: Emissions | D12: 96.32085 | E12: =D12/$D$15 -> 0.007709423
A13: Ethane | B13: Ethane | C13: Emissions | D13: 46.606616 | E13: =D13/$D$15 -> 0.0037303461
A14: Propanol | B14: Propanol | C14: Emissions | D14: 17.863763 | E14: =D14/$D$15 -> 0.0014297974
A15: Propanol | B15: Propanol | C15: Product | D15: 12493.912 | E15: =D15/$D$15 -> 1

Sheet electricity
A2: Type | B2: kWh | C2: kWh/kg propanol
A3: Compressor | B3: 211.75957 | C3: =B3/material_streams!$D$15 -> 0.016949021
A4: Compressor | B4: 219.90135 | C4: =B4/material_streams!$D$15 -> 0.01760068
A5: Turbine | B5: -297.60548 | C5: =B5/material_streams!$D$15 -> -0.02382004
A6: Compressor | B6: 762.36185 | C6: =B6/material_streams!$D$15 -> 0.061018667
A7: Pump | B7: 80.854879 | C7: =B7/material_streams!$D$15 -> 0.0064715423
A8: Compressor | B8: 204.81885 | C8: =B8/material_streams!$D$15 -> 0.016393493
A9: Compressor | B9: 201.71516 | C9: =B9/material_streams!$D$15 -> 0.016145076
A10: Compressor | B10: 199.44307 | C10: =B10/material_streams!$D$15 -> 0.01596322
A11: Turbine | B11: -258.69505 | C11: =B11/material_streams!$D$15 -> -0.020705689
B12: =SUM(B3:B11) -> 1324.5542 | C12: =SUM(C3:C11) -> 0.10601597

Sheet utilities
A1: Utility | B1: Load (kJ/h) | C1: Load per kg propanol
A2: Cooling water | B2: 1.3345531e+08 | C2: =B2/material_streams!$D$15 -> 10681.627 | D2: =B2*0.000001 -> 133.45531 | E2: =D2/material_streams!$D$15*1000 -> 10.681627
A3: Fired heat natural gas | B3: 1.0760792e+08 | C3: =B3/material_streams!$D$15 -> 8612.8281 | D3: =B3*0.000001 -> 107.60792 | E3: =D3/material_streams!$D$15*1000 -> 8.6128281
A5: Data used for calculating the mass flow rate taken from Aspen energy analyzer
A6: Utility | B6: Effective Cp (kJ/kg C) | C6: Tin | D6: Tout | E6: ΔT
A7: Cooling water | B7: 4.183 | C7: 15 | D7: 20 | E7: =ABS(D7-C7) -> 5
A8: Fired heat natural gas | B8: 47100 | C8: 1247 | D8: 1246 | E8: =ABS(D8-C8) -> 1
