Workbook

Sheet Material streams
A1: Final product: 1-propanol (99.8 wt%)
A3: Component | B3: Type | C3: Mass flow (kg/hr) | D3: kg/kg propanol
A4: Natural gas | B4: Feed | C4: 16042.9 | D4: =C4/C$11 -> 0.28281975
A5: Oxygen | B5: Feed | C5: 22400 | D5: =C5/C$11 -> 0.39488885
A6: Ethylene | B6: Feed | C6: 26869.273 | D6: =C6/C$11 -> 0.47367751
A7: Hydrogen | B7: Feed | C7: 589.68001 | D7: =C7/C$11 -> 0.010395449
A8: Waste water | B8: Emissions | C8: =6311.12452563969+153.467866279813+54.4282812188136+151.951113274288 -> 6670.9718 | D8: =C8/C$11 -> 0.11760234
A9: Caputred carbon dioxide | B9: Emissions | C9: 1839.2912 | D9: =C9/C$11 -> 0.032424803
A10: Purge gas | B10: Emissions | C10: 730.17489 | D10: =C10/C$11 -> 0.012872228
A11: 1-propanol (99.8 wt %) | B11: Product | C11: 56724.823 | D11: =C11/C$11 -> 1

Sheet Electricity
A2: Block | B2: Type | C2: kWh | D2: kWh/kg propanol
A3: K-100 | B3: Compressor | C3: 1601.5688 | D3: =C3/'Material streams'!C$11 -> 0.028234002
A4: K-101 | B4: Compressor | C4: 1729.4467 | D4: =C4/'Material streams'!C$11 -> 0.030488358
A5: K-102 | B5: Compressor | C5: 1723.2622 | D5: =C5/'Material streams'!C$11 -> 0.030379331
A6: K-103 | B6: Compressor | C6: 1176.5747 | D6: =C6/'Material streams'!C$11 -> 0.020741796
A7: K-104 | B7: Compressor | C7: 32.956535 | D7: =C7/'Material streams'!C$11 -> 0.00058098965
A8: K-105 | B8: Compressor | C8: 9.0413623 | D8: =C8/'Material streams'!C$11 -> 0.00015938987
A9: K-106 | B9: Compressor | C9: 1.9737639 | D9: =C9/'Material streams'!C$11 -> 3.4795418e-05
A10: K-107 | B10: Compressor | C10: 2.1383839 | D10: =C10/'Material streams'!C$11 -> 3.7697498e-05
A11: K-108 | B11: Compressor | C11: 2.2037319 | D11: =C11/'Material streams'!C$11 -> 3.8849515e-05
A12: K-109 | B12: Compressor | C12: 1.5333216 | D12: =C12/'Material streams'!C$11 -> 2.7030876e-05
A13: K-110 | B13: Compressor | C13: 870.97162 | D13: =C13/'Material streams'!C$11 -> 0.015354329
A14: K-111 | B14: Compressor | C14: 933.69628 | D14: =C14/'Material streams'!C$11 -> 0.0164601
... A21: P-102 | B21: Pump | C21: 17.022164 | D21: =C21/'Material streams'!C$11 -> 0.00030008316
B22: Total | C22: =SUM(C3:C21) -> 10099.036 | D22: =SUM(D3:D21) -> 0.17803556

Sheet Utilities
A1: Utility | B1: Load (kJ/h) | C1: Flow rate (kg/h) | D1: Flow /kg propanol
A2: Cooling water | B2: 1.9429988e+08 | C2: =B2/D11/G11 -> 9289977.6 | D2: =C2/'Material streams'!C$11 -> 163.7727 | I2: Net (kJ/h) | J2: Net (kg/h)
A3: LP Steam | B3: 1921036.7 | C3: =B3/D12/G12 -> 874.62973 | D3: =C3/'Material streams'!C$11 -> 0.015418818 | H3: LP steam | I3: =B3-B5 -> -1.1281664e+08 | J3: =C3-C5 -> -51364.34
A4: MP Steam Generation | B4: 5442035 | C4: =B4/D13/G13 -> 2746.5605 | D4: =C4/'Material streams'!C$11 -> 0.048419022 | H4: MP steam | I4: =-B4 -> -5442035 | J4: =-C4 -> -2746.5605
A5: LP Steam Generation | B5: 1.1473767e+08 | C5: =B5/D14/G14 -> 52238.97 | D5: =C5/'Material streams'!C$11 -> 0.92091904 | H5: HP steam | I5: =B6-B7 -> -73119814 | J5: =C6-C7 -> -42933.365
A6: HP Steam | B6: 349363.04 | C6: =B6/D15/G15 -> 205.1336 | D6: =C6/'Material streams'!C$11 -> 0.0036162934 | H6: Total | I6: =SUM(I3:I5) -> -1.9137849e+08 | J6: =SUM(J3:J5) -> -97044.266
A7: HP Steam Generation | B7: 73469177 | C7: =B7/D16/G16 -> 43138.499 | D7: =C7/'Material streams'!C$11 -> 0.76048714
A9: Data used for calculating the mass flow rate taken from Aspen Energy Analyzer
A10: Utility | B10: Target load (kJ/h) | C10: Target flow rate (kg/h) | D10: Effective Cp (kJ/kg C) | E10: Tin | F10: Tout | G10: ΔT
A11: Cooling water | B11: 1.9428272e+08 | C11: 9289157.3 | D11: 4.183 | E11: 15 | F11: 20 | G11: =F11-E11 -> 5
A12: LP Steam | B12: 1921036.7 | C12: 874.62973 | D12: 2196.4 | E12: 124 | F12: 125 | G12: =F12-E12 -> 1
A13: MP Steam Generation | B13: 17400854 | C13: 8782.1004 | D13: 1981.4 | E13: 174 | F13: 175 | G13: =F13-E13 -> 1
A14: LP Steam Generation | B14: 1.1174715e+08 | C14: 50877.415 | D14: 2196.4 | E14: 124 | F14: 125 | G14: =F14-E14 -> 1
A15: HP Steam | B15: 349363.04 | C15: 205.1336 | D15: 1703.1 | E15: 249 | F15: 250 | G15: =F15-E15 -> 1
A16: HP Steam Generation | B16: 64518034 | C16: 37882.704 | D16: 1703.1 | E16: 249 | F16: 250 | G16: =F16-E16 -> 1

Sheet Hydroformylation catalyst
A1: Propanol produced | D1: =SUM('Material streams'!C11) -> 56724.823 | E1: kg/hr
A3: Unit operation | B3: Catalyst used | C3: Price ($/kg) | D3: Loading (kg/m3) | E3: Reactor volume (m3) | F3: Catalyst required (kg/hr) | G3: Catalyst required (kg/kg propanol)
A4: Hydroformylation | B4: Rh/PPh3 | C4: 286000 | D4: 0.27 | E4: 240 | F4: =D4*E4/8000 -> 0.0081 | G4: =F4/D1 -> 1.4279463e-07
