Workbook

Sheet Material streams
A1: Final product: 1-propanol (99.8 wt%)
F2: Purge gas composotion
A3: Component | B3: Type | C3: Mass flow (kg/hr) | D3: kg/kg propanol | F3: Methane | G3: 1.4677558 | H3: =G3/$C$11 -> 2.5875308e-05
A4: Natural gas | B4: Feed | C4: 17147.739 | D4: =C4/C$11 -> 0.30230031 | E4: =D4/0.68 -> 0.44455927 | F4: Oxygen | G4: 1.0253283e-06 | H4: =G4/$C$11 -> 1.8075681e-11
A5: Oxygen | B5: Feed | C5: 23942.639 | D5: =C5/C$11 -> 0.4220887 | F5: CO | G5: 0.080063289 | H5: =G5/$C$11 -> 1.4114488e-06
A6: Ethylene | B6: Feed | C6: 26751.322 | D6: =C6/C$11 -> 0.47160344 | F6: Hydrogen | G6: 0.61954619 | H6: =G6/$C$11 -> 1.0922081e-05
A7: Hydrogen | B7: Feed | C7: 0 | D7: =C7/C$11 -> 0 | F7: CO2 | G7: 0.045794142 | H7: =G7/$C$11 -> 8.0731243e-07
A8: Waste water | B8: Emissions | C8: =4559.05292910432+161.866454911873+61.0250140223648+153.374043214225 -> 4935.3184 | D8: =C8/C$11 -> 0.087005537 | E8: =D8/1000 -> 8.7005537e-05 | F8: Ethylene | G8: 1.0258289e-07 | H8: =G8/$C$11 -> 1.8084506e-12
A9: Caputred carbon dioxide | B9: Emissions | C9: 6329.9284 | D9: =C9/C$11 -> 0.11159134 | F9: Ethane | G9: 2.260866 | H9: =G9/$C$11 -> 3.9857176e-05
A10: Purge gas | B10: Emissions | C10: 5.4492008 | D10: =C10/C$11 -> 9.6064854e-05 | F10: Propanal | G10: 0 | H10: =G10/$C$11 -> 0
A11: 1-propanol (99.8 wt %) | B11: Product | C11: 56724.188 | D11: =C11/C$11 -> 1 | F11: 1-Propanol | G11: 0.971576 | H11: =G11/$C$11 -> 1.7128072e-05
F12: H2O | G12: 0.0035953452 | H12: =G12/$C$11 -> 6.338293e-08
F13: MEAmine | G13: 4.3983181e-10 | H13: =G13/$C$11 -> 7.753867e-15
F14: H2S | G14: 0 | H14: =G14/$C$11 -> 0
F15: TEGlycol | G15: 3.6701574e-08 | H15: =G15/$C$11 -> 6.4701807e-13
H16: =SUM(H3:H15) -> 9.6064803e-05

Sheet Electricity
A2: Block | B2: Type | C2: kWh | D2: kWh/kg propanol
A3: K-100 | B3: Compressor | C3: 1757.5948 | D3: =C3/'Material streams'!C$11 -> 0.030984927
A4: K-101 | B4: Compressor | C4: 1897.9966 | D4: =C4/'Material streams'!C$11 -> 0.033460093
A5: K-102 | B5: Compressor | C5: 1891.341 | D5: =C5/'Material streams'!C$11 -> 0.033342761
A6: K-103 | B6: Compressor | C6: 1291.6366 | D6: =C6/'Material streams'!C$11 -> 0.022770473
A7: K-104 | B7: Compressor | C7: 112.83663 | D7: =C7/'Material streams'!C$11 -> 0.0019892154
A8: K-105 | B8: Compressor | C8: 31.729199 | D8: =C8/'Material streams'!C$11 -> 0.00055935924
A9: K-106 | B9: Compressor | C9: 1.8582964 | D9: =C9/'Material streams'!C$11 -> 3.2760212e-05
A10: K-107 | B10: Compressor | C10: 1.9812222 | D10: =C10/'Material streams'!C$11 -> 3.492729e-05
A11: K-108 | B11: Compressor | C11: 2.0742247 | D11: =C11/'Material streams'!C$11 -> 3.6566846e-05
A12: K-109 | B12: Compressor | C12: 1.4434992 | D12: =C12/'Material streams'!C$11 -> 2.5447683e-05
A13: K-110 | B13: Compressor | C13: 867.14823 | D13: =C13/'Material streams'!C$11 -> 0.015287098
A14: K-111 | B14: Compressor | C14: 929.59754 | D14: =C14/'Material streams'!C$11 -> 0.016388027
... A20: P-102 | B20: Pump | C20: 15.202886 | D20: =C20/'Material streams'!C$11 -> 0.00026801417
B21: Total | C21: =SUM(C3:C20) -> 10614.148 | D21: =SUM(D3:D20) -> 0.18711855

Sheet Utilities
A1: Utility | B1: Load (kJ/h) | C1: Flow rate (kg/h) | D1: Flow /kg propanol
A2: Cooling water | B2: 2.250062e+08 | C2: =B2/D11/G11 -> 10758126 | D2: =C2/'Material streams'!C$11 -> 189.65676 | I2: Net (kJ/h) | J2: Net (kg/h)
A3: LP Steam | B3: 1274259.7 | C3: =B3/D12/G12 -> 580.15832 | D3: =C3/'Material streams'!C$11 -> 0.010227706 | H3: LP steam | I3: =B3-B5 -> -1.3471921e+08 | J3: =C3-C5 -> -61336.372
A4: MP Steam Generation | B4: 19877930 | C4: =B4/D13/G13 -> 10032.265 | D4: =C4/'Material streams'!C$11 -> 0.17686045 | H4: MP steam | I4: =-B4 -> -19877930 | J4: =-C4 -> -10032.265
A5: LP Steam Generation | B5: 1.3599347e+08 | C5: =B5/D14/G14 -> 61916.53 | D5: =C5/'Material streams'!C$11 -> 1.0915367 | H5: HP steam | I5: =B6-B7 -> -20484590 | J5: =C6-C7 -> -12027.826
A6: HP Steam | B6: 101263.84 | C6: =B6/D15/G15 -> 59.458538 | D6: =C6/'Material streams'!C$11 -> 0.0010482043 | H6: Total | I6: =SUM(I3:I5) -> -1.7508173e+08 | J6: =SUM(J3:J5) -> -83396.463
A7: HP Steam Generation | B7: 20585854 | C7: =B7/D16/G16 -> 12087.284 | D7: =C7/'Material streams'!C$11 -> 0.21308872 | J7: =J6/'Material streams'!C11 -> -1.4702099
A9: Data used for calculating the mass flow rate taken from Aspen Energy Analyzer
A10: Utility | B10: Target load (kJ/h) | C10: Target flow rate (kg/h) | D10: Effective Cp (kJ/kg C) | E10: Tin | F10: Tout | G10: ΔT
A11: Cooling water | B11: 2.2500115e+08 | C11: 10757884 | D11: 4.183 | E11: 15 | F11: 20 | G11: =F11-E11 -> 5
A12: LP Steam | B12: 1274259.7 | C12: 580.15832 | D12: 2196.4 | E12: 124 | F12: 125 | G12: =F12-E12 -> 1
A13: MP Steam Generation | B13: 25316866 | C13: 12777.261 | D13: 1981.4 | E13: 174 | F13: 175 | G13: =F13-E13 -> 1
A14: LP Steam Generation | B14: 1.3055958e+08 | C14: 59442.535 | D14: 2196.4 | E14: 124 | F14: 125 | G14: =F14-E14 -> 1
A15: HP Steam | B15: 101263.84 | C15: 59.458538 | D15: 1703.1 | E15: 249 | F15: 250 | G15: =F15-E15 -> 1
A16: HP Steam Generation | B16: 20585854 | C16: 12087.284 | D16: 1703.1 | E16: 249 | F16: 250 | G16: =F16-E16 -> 1

Sheet Hydroformylation catalyst
A1: Propanol produced | D1: =SUM('Material streams'!C11) -> 56724.188 | E1: kg/hr
A3: Unit operation | B3: Catalyst used | C3: Price ($/kg) | D3: Loading (kg/m3) | E3: Reactor volume (m3) | F3: Catalyst required (kg/hr) | G3: Catalyst required (kg/kg propanol)
A4: Hydroformylation | B4: Rh/PPh3 | C4: 286000 | D4: 0.27 | E4: 240 | F4: =D4*E4/8000 -> 0.0081 | G4: =F4/D1 -> 1.4279623e-07
