Workbook

Sheet Material streams
A1: Final product: Methanol (99.5 wt%)
A3: Component | B3: Type | C3: Mass flow (kg/hr) | D3: kg/kg propanol | F3: Hydrogen | G3: 141.9663 | H3: =G3/$C$12 -> 0.0017682973
A4: Biomass | B4: Feed | C4: 117667.6 | D4: =C4/C$12 -> 1.4656387 | E4: =D4/1.2 -> 1.2213656 | F4: Carbon | G4: 0 | H4: =G4/$C$12 -> 0
A5: Oxygen | B5: Feed | C5: 47067.04 | D5: =C5/C$12 -> 0.58625548 | F5: Oxygen | G5: 3.0840376e-09 | H5: =G5/$C$12 -> 3.8414014e-14
A6: Water | B6: Feed | C6: 243105.67 | D6: =C6/C$12 -> 3.0280645 | F6: S_Rhombic | G6: 0 | H6: =G6/$C$12 -> 0
A7: Ethylene | B7: Feed | C7: 0 | D7: =C7/C$12 -> 0 | F7: Nitrogen | G7: 244.20197 | H7: =G7/$C$12 -> 0.0030417197
A8: Hydrogen | B8: Feed | C8: 0 | D8: =C8/C$12 -> 0 | F8: Cl2 | G8: 0 | H8: =G8/$C$12 -> 0
A9: Waste water | B9: Emissions | C9: =151721.397399275+5917.50652499355+1153.72346263281+53811.2676614296 -> 212603.9 | D9: =C9/C$12 -> 2.6481418 | E9: =D9/1000 -> 0.0026481418 | F9: Methane | G9: 0.052996238 | H9: =G9/$C$12 -> 6.6010811e-07
A10: Solid wastes | B10: Emissions | C10: 77.993743 | D10: =C10/C$12 -> 0.00097147089 | F10: CO | G10: 1949.3361 | H10: =G10/$C$12 -> 0.024280451
A11: Purge gas | B11: Emissions | C11: 12405.328 | D11: =C11/C$12 -> 0.15451772 | F11: CO2 | G11: 9145.7036 | H11: =G11/$C$12 -> 0.11391664
A12: Methanol (99.8 wt %) | B12: Product | C12: 80284.179 | D12: =C12/C$12 -> 1 | F12: Ethylene | G12: 9.0229847e-07 | H12: =G12/$C$12 -> 1.1238808e-11
F13: Methanol | G13: 915.86837 | H13: =G13/$C$12 -> 0.011407831
F14: Ethane | G14: 1.5091149e-09 | H14: =G14/$C$12 -> 1.8797164e-14
F15: H2O | G15: 8.1986488 | H15: =G15/$C$12 -> 0.00010212035

Sheet Electricity
A2: Block | B2: Type | C2: kWh | D2: kWh/kg methanol
A3: K-100 | B3: Compressor | C3: 130.39969 | D3: =C3/'Material streams'!C$12 -> 0.0016242264
A4: K-101 | B4: Compressor | C4: 26505.838 | D4: =C4/'Material streams'!C$12 -> 0.3301502
A5: K-102 | B5: Compressor | C5: 25988.113 | D5: =C5/'Material streams'!C$12 -> 0.32370154
A6: K-103 | B6: Compressor | C6: 8409.7186 | D6: =C6/'Material streams'!C$12 -> 0.10474939
A7: K-104 | B7: Compressor | C7: 4986.4442 | D7: =C7/'Material streams'!C$12 -> 0.062109923
A8: K-105 | B8: Compressor | C8: 961.60568 | D8: =C8/'Material streams'!C$12 -> 0.011977524
A9: K-106 | B9: Compressor | C9: 1022.7221 | D9: =C9/'Material streams'!C$12 -> 0.012738776
A10: K-107 | B10: Compressor | C10: 121.26663 | D10: =C10/'Material streams'!C$12 -> 0.0015104673
A11: P-100 | B11: Pump | C11: 0.89383428 | D11: =C11/'Material streams'!C$12 -> 1.113338e-05
B12: Total | C12: =SUM(C3:C11) -> 68127.002 | D12: =SUM(D3:D11) -> 0.84857318

Sheet Utilities
A1: Utility | B1: Load (kJ/h) | C1: Flow rate (kg/h) | D1: Flow /kg methanol
A2: Cooling Water | B2: 1.6042539e+09 | C2: =B2/D11/G11 -> 76703508 | D2: =C2/'Material streams'!C$12 -> 955.40004 | I2: Net (kJ/h) | J2: Net (kg/h)
A3: MP Steam Generation | B3: 0 | C3: =B3/D12/G12 -> 0 | D3: =C3/'Material streams'!C$12 -> 0 | H3: LP steam | I3: =B5-B4 -> 0 | J3: =C5-C4 -> 0
A4: LP Steam Generation | B4: 0 | C4: =B4/D13/G13 -> 0 | D4: =C4/'Material streams'!C$12 -> 0 | H4: MP steam | I4: =-B3 -> 0 | J4: =-C3 -> 0
A5: LP Steam | B5: 0 | C5: =B5/D14/G14 -> 0 | D5: =C5/'Material streams'!C$12 -> 0 | H5: HP steam | I5: =B6 -> 0 | J5: =C6 -> 0
A6: HP Steam | B6: 0 | C6: =B6/D15/G15 -> 0 | D6: =C6/'Material streams'!C$12 -> 0 | H6: Total | I6: =SUM(I3:I5) -> 0 | J6: =SUM(J3:J5) -> 0
A7: Fired Heat - Natural Gas | B7: 0 | C7: =B7/D16/G16 -> 0 | D7: =C7/'Material streams'!C$12 -> 0 | E7: =D7/0.68 -> 0
A9: Data used for calculating the mass flow rate taken from Aspen Energy Analyzer
A10: Utility | B10: Target load (kJ/h) | C10: Target flow rate (kg/h) | D10: Effective Cp (kJ/kg C) | E10: Tin | F10: Tout | G10: ΔT | I10: =C2+'Material streams'!C6 -> 76946614
A11: Cooling Water | B11: 1.6042539e+09 | C11: 76703508 | D11: 4.183 | E11: 15 | F11: 20 | G11: =F11-E11 -> 5
A12: MP Steam Generation | B12: 0 | C12: 0 | D12: 1 | E12: 0 | F12: 1 | G12: =F12-E12 -> 1
A13: LP Steam Generation | B13: 0 | C13: 0 | D13: 1 | E13: 0 | F13: 1 | G13: =F13-E13 -> 1
A14: LP Steam | B14: 0 | C14: 0 | D14: 1 | E14: 0 | F14: 1 | G14: =F14-E14 -> 1
A15: HP Steam | B15: 0 | C15: 0 | D15: 1 | E15: 0 | F15: 1 | G15: =F15-E15 -> 1
A16: Fired Heat - Natural Gas | B16: 0 | C16: 0 | D16: 1 | E16: 0 | F16: 1 | G16: =F16-E16 -> 1
